{
	"axe_trafic": {
		"type": "FeatureCollection",
		"features": [
			{
				"type": "Feature",
				"geometry": {
					"type": "LineString",
					"coordinates": [
						[
							7.26356802300006,
							43.6948119020001
							],
							[
								7.26106466500005,
								43.6946128810001
								],
								[
									7.25870283800009,
									43.6942554870001
									],
									[
										7.25744283300008,
										43.693980879
										],
										[
											7.25609683800008,
											43.693678714
											]
						]
				},
				"properties": {
					"PredefinedLocationReference": "001",
					"Dep": "06",
					"PR": null,
					"Type": null,
					"Abscisse": null,
					"Longitude": null,
					"Latitude": null,
					"Libelle": null,
					"Nom_axe": "Promenade des Anglais"
				}
			}
			]
	}
}